{
  "properties": {
    "connectionReferences": {
      "shared_sharepointonline": {
        "api": {
          "name": "shared_sharepointonline"
        },
        "connection": {
          "connectionReferenceLogicalName": "dg_sharedsharepointonline_a558c"
        },
        "runtimeSource": "embedded"
      }
    },
    "definition": {
      "$schema": "https://schema.management.azure.com/providers/Microsoft.Logic/schemas/2016-06-01/workflowdefinition.json#",
      "contentVersion": "1.0.0.0",
      "parameters": {
        "$authentication": {
          "defaultValue": {},
          "type": "SecureObject"
        },
        "$connections": {
          "defaultValue": {},
          "type": "Object"
        },
        "sp-site (dg_spsite)": {
          "defaultValue": "https://dgatsupy.sharepoint.com/sites/power-platform-dev",
          "type": "String",
          "metadata": {
            "schemaName": "dg_spsite",
            "description": "SharePoint Site"
          }
        },
        "sp-chatlib (dg_spChatLib)": {
          "defaultValue": "dcb691c5-9486-47fe-86ad-937e5fd3ae5e",
          "type": "String",
          "metadata": {
            "schemaName": "dg_spChatLib"
          }
        }
      },
      "triggers": {
        "manual": {
          "type": "Request",
          "kind": "Button",
          "inputs": {
            "schema": {
              "type": "object",
              "properties": {
                "text": {
                  "title": "MessageID",
                  "type": "string",
                  "x-ms-dynamically-added": true,
                  "description": "MessageID",
                  "x-ms-content-hint": "TEXT"
                }
              },
              "required": [
                "text"
              ]
            }
          },
          "metadata": {
            "operationMetadataId": "3c1ad05c-1ef6-4eb0-a85f-6debb8eeb7e0"
          }
        }
      },
      "actions": {
        "ファイルの取得_(プロパティのみ)": {
          "type": "OpenApiConnection",
          "inputs": {
            "parameters": {
              "dataset": "@parameters('sp-site (dg_spsite)')",
              "table": "@parameters('sp-chatlib (dg_spChatLib)')",
              "$filter": "MessageID eq '@{triggerBody()['text']}'",
              "viewScopeOption": "Default"
            },
            "host": {
              "apiId": "/providers/Microsoft.PowerApps/apis/shared_sharepointonline",
              "operationId": "GetFileItems",
              "connectionName": "shared_sharepointonline"
            }
          },
          "runAfter": {
            "変数を初期化する_strObject": [
              "Succeeded"
            ],
            "変数を初期化する_ItemID": [
              "SUCCEEDED"
            ],
            "変数を初期化する_Identifier": [
              "SUCCEEDED"
            ]
          },
          "metadata": {
            "operationMetadataId": "f736744b-76da-417a-a130-f97e32bd3b89"
          }
        },
        "作成_ファイルの数": {
          "type": "Compose",
          "inputs": "@length(outputs('ファイルの取得_(プロパティのみ)')?['body/value'])",
          "runAfter": {
            "ファイルの取得_(プロパティのみ)": [
              "Succeeded"
            ]
          },
          "metadata": {
            "operationMetadataId": "8eb52faf-8140-4b71-a6fd-218a7cdb9c25"
          }
        },
        "条件": {
          "type": "If",
          "expression": {
            "not": {
              "equals": [
                "@outputs('作成_ファイルの数')",
                0
              ]
            }
          },
          "actions": {
            "ファイル_コンテンツの取得": {
              "type": "OpenApiConnection",
              "inputs": {
                "parameters": {
                  "dataset": "@parameters('sp-site (dg_spsite)')",
                  "id": "@variables('Identifier')",
                  "inferContentType": true
                },
                "host": {
                  "apiId": "/providers/Microsoft.PowerApps/apis/shared_sharepointonline",
                  "operationId": "GetFileContent",
                  "connectionName": "shared_sharepointonline"
                }
              },
              "runAfter": {
                "変数の設定_ItemId": [
                  "SUCCEEDED"
                ],
                "変数の設定_Identifier": [
                  "SUCCEEDED"
                ]
              },
              "metadata": {
                "operationMetadataId": "f4a13926-337a-4209-80cc-0dee4aede97c"
              }
            },
            "変数の設定_strObject": {
              "type": "SetVariable",
              "inputs": {
                "name": "strObject",
                "value": "@{string(outputs('ファイル_コンテンツの取得')?['body'])}"
              },
              "runAfter": {
                "ファイル_コンテンツの取得": [
                  "Succeeded"
                ]
              },
              "metadata": {
                "operationMetadataId": "86e54f1c-0f99-4a9c-be25-cf71a2c414bf"
              }
            },
            "変数の設定_ItemId": {
              "type": "SetVariable",
              "inputs": {
                "name": "ItemID",
                "value": "@first(outputs('ファイルの取得_(プロパティのみ)')?['body/value'])?['ID']"
              }
            },
            "変数の設定_Identifier": {
              "type": "SetVariable",
              "inputs": {
                "name": "Identifier",
                "value": "@first(outputs('ファイルの取得_(プロパティのみ)')?['body/value'])?['{Identifier}']"
              }
            }
          },
          "else": {
            "actions": {}
          },
          "runAfter": {
            "作成_ファイルの数": [
              "Succeeded"
            ]
          },
          "metadata": {
            "operationMetadataId": "61ec5d42-1510-4f08-8391-48367f48e73f"
          }
        },
        "変数を初期化する_strObject": {
          "type": "InitializeVariable",
          "inputs": {
            "variables": [
              {
                "name": "strObject",
                "type": "string"
              }
            ]
          },
          "runAfter": {},
          "metadata": {
            "operationMetadataId": "824aa236-a422-4381-b9e4-b31c1bdb1c85"
          }
        },
        "Respond_to_a_Power_App_or_flow": {
          "type": "Response",
          "kind": "PowerApp",
          "inputs": {
            "schema": {
              "type": "object",
              "properties": {
                "response": {
                  "title": "response",
                  "x-ms-dynamically-added": true,
                  "type": "string"
                },
                "id": {
                  "title": "ID",
                  "type": "number",
                  "x-ms-content-hint": "NUMBER",
                  "x-ms-dynamically-added": true
                },
                "identifier": {
                  "title": "Identifier",
                  "type": "string",
                  "x-ms-content-hint": "TEXT",
                  "x-ms-dynamically-added": true
                }
              },
              "additionalProperties": {}
            },
            "statusCode": 200,
            "body": {
              "response": "@{variables('strObject')}",
              "id": "@variables('ItemID')",
              "identifier": "@{variables('Identifier')}"
            }
          },
          "runAfter": {
            "条件": [
              "Succeeded"
            ]
          },
          "metadata": {
            "operationMetadataId": "f4c7421d-154b-4b40-bd04-5e87adf32462"
          }
        },
        "変数を初期化する_ItemID": {
          "type": "InitializeVariable",
          "inputs": {
            "variables": [
              {
                "name": "ItemID",
                "type": "integer",
                "value": 0
              }
            ]
          },
          "runAfter": {}
        },
        "変数を初期化する_Identifier": {
          "type": "InitializeVariable",
          "inputs": {
            "variables": [
              {
                "name": "Identifier",
                "type": "string"
              }
            ]
          },
          "runAfter": {}
        }
      }
    },
    "templateName": null
  },
  "schemaVersion": "1.0.0.0"
}