{
  "properties": {
    "connectionReferences": {},
    "definition": {
      "$schema": "https://schema.management.azure.com/providers/Microsoft.Logic/schemas/2016-06-01/workflowdefinition.json#",
      "contentVersion": "1.0.0.0",
      "parameters": {
        "$authentication": {
          "defaultValue": {},
          "type": "SecureObject"
        },
        "$connections": {
          "defaultValue": {},
          "type": "Object"
        }
      },
      "triggers": {
        "manual": {
          "type": "Request",
          "kind": "PowerAppV2",
          "inputs": {
            "schema": {
              "type": "object",
              "properties": {
                "text": {
                  "title": "id",
                  "type": "string",
                  "x-ms-dynamically-added": true,
                  "description": "入力を指定してください",
                  "x-ms-content-hint": "TEXT"
                }
              },
              "required": [
                "text"
              ]
            }
          },
          "metadata": {
            "operationMetadataId": "3412ee83-50b3-493f-96b2-a9d5f8b6bbd2"
          }
        }
      },
      "actions": {
        "Respond_to_a_Power_App_or_flow": {
          "type": "Response",
          "kind": "PowerApp",
          "inputs": {
            "schema": {
              "type": "object",
              "properties": {
                "response": {
                  "title": "response",
                  "x-ms-dynamically-added": true,
                  "type": "string"
                }
              },
              "additionalProperties": {}
            },
            "statusCode": 200,
            "body": {
              "response": "@{body('子フローの実行')?['response']}"
            }
          },
          "runAfter": {
            "子フローの実行": [
              "Succeeded"
            ]
          },
          "metadata": {
            "operationMetadataId": "6b1536ae-c4b4-46d5-8450-24e876bd8958"
          }
        },
        "子フローの実行": {
          "type": "Workflow",
          "inputs": {
            "host": {
              "workflowReferenceName": "0d77b9f5-01ba-ef11-a72f-00224866e484"
            },
            "body": {
              "text": "@triggerBody()?['text']"
            }
          },
          "runAfter": {}
        }
      }
    },
    "templateName": null
  },
  "schemaVersion": "1.0.0.0"
}