{
  "properties": {
    "connectionReferences": {
      "shared_sharepointonline": {
        "api": {
          "name": "shared_sharepointonline"
        },
        "connection": {
          "connectionReferenceLogicalName": "dg_sharedsharepointonline_a558c"
        },
        "runtimeSource": "invoker"
      }
    },
    "definition": {
      "$schema": "https://schema.management.azure.com/providers/Microsoft.Logic/schemas/2016-06-01/workflowdefinition.json#",
      "contentVersion": "1.0.0.0",
      "parameters": {
        "$authentication": {
          "defaultValue": {},
          "type": "SecureObject"
        },
        "$connections": {
          "defaultValue": {},
          "type": "Object"
        },
        "sp-site (dg_spsite)": {
          "defaultValue": "https://dgatsupy.sharepoint.com/sites/power-platform-dev",
          "type": "String",
          "metadata": {
            "schemaName": "dg_spsite",
            "description": "SharePoint Site"
          }
        },
        "sp-chatlib (dg_spChatLib)": {
          "defaultValue": "dcb691c5-9486-47fe-86ad-937e5fd3ae5e",
          "type": "String",
          "metadata": {
            "schemaName": "dg_spChatLib"
          }
        }
      },
      "triggers": {
        "manual": {
          "type": "Request",
          "kind": "PowerAppV2",
          "inputs": {
            "schema": {
              "type": "object",
              "properties": {
                "text": {
                  "title": "spMetaData",
                  "type": "string",
                  "x-ms-dynamically-added": true,
                  "description": "SharePointのメタデータ",
                  "x-ms-content-hint": "TEXT"
                },
                "text_1": {
                  "title": "objChat",
                  "type": "string",
                  "x-ms-dynamically-added": true,
                  "description": "Chatの履歴",
                  "x-ms-content-hint": "TEXT"
                }
              },
              "required": [
                "text",
                "text_1"
              ]
            }
          },
          "metadata": {
            "operationMetadataId": "e95ee042-fac4-463f-92a6-e17596463b19"
          }
        }
      },
      "actions": {
        "JSON_の解析_メタデータ": {
          "type": "ParseJson",
          "inputs": {
            "content": "@triggerBody()['text']",
            "schema": {
              "type": "object",
              "properties": {
                "CreateBy": {
                  "type": "string"
                },
                "CreatedTime": {
                  "type": "string"
                },
                "Fill": {
                  "type": "string"
                },
                "FontColor": {
                  "type": "string"
                },
                "LastMessageText": {
                  "type": "string"
                },
                "LastMessageTime": {
                  "type": "string"
                },
                "LastSender": {
                  "type": "string"
                },
                "MessageCount": {
                  "type": "integer"
                },
                "MessageID": {
                  "type": "string"
                },
                "Subject": {
                  "type": "string"
                },
                "UpdatedTime": {
                  "type": "string"
                }
              }
            }
          },
          "runAfter": {},
          "metadata": {
            "operationMetadataId": "79a5aa4d-0a08-4c26-9e02-c4482a5112b8"
          }
        },
        "JSON_の解析_Chatの履歴": {
          "type": "ParseJson",
          "inputs": {
            "content": "@triggerBody()['text_1']",
            "schema": {
              "type": "object",
              "properties": {
                "Log": {
                  "type": "array",
                  "items": {
                    "type": "object",
                    "properties": {
                      "MessageIndex": {
                        "type": "integer"
                      },
                      "MessageText": {
                        "type": "string"
                      },
                      "SenderName": {
                        "type": "string"
                      },
                      "TimeStamp": {
                        "type": "string"
                      }
                    },
                    "required": [
                      "MessageIndex",
                      "MessageText",
                      "SenderName",
                      "TimeStamp"
                    ]
                  }
                }
              }
            }
          },
          "runAfter": {},
          "metadata": {
            "operationMetadataId": "8c1cb8d1-0b43-46f2-beaa-73d7a0cf9ded"
          }
        },
        "条件_ファイルの存在により分岐": {
          "type": "If",
          "expression": {
            "and": [
              {
                "equals": [
                  "@variables('ItemId')",
                  0
                ]
              }
            ]
          },
          "actions": {
            "ファイルの作成": {
              "type": "OpenApiConnection",
              "inputs": {
                "parameters": {
                  "dataset": "@parameters('sp-site (dg_spsite)')",
                  "folderPath": "/ChatLib",
                  "name": "@{body('JSON_の解析_メタデータ')?['MessageID']}.json",
                  "body": "@body('JSON_の解析_Chatの履歴')"
                },
                "host": {
                  "apiId": "/providers/Microsoft.PowerApps/apis/shared_sharepointonline",
                  "operationId": "CreateFile",
                  "connectionName": "shared_sharepointonline"
                }
              },
              "runAfter": {
                "作成_New": [
                  "Succeeded"
                ]
              },
              "runtimeConfiguration": {
                "contentTransfer": {
                  "transferMode": "Chunked"
                }
              },
              "metadata": {
                "operationMetadataId": "8fd87965-e44f-4531-9656-b31d6c523365"
              }
            },
            "変数の設定_作成_ItemID": {
              "type": "SetVariable",
              "inputs": {
                "name": "ItemId",
                "value": "@outputs('ファイルの作成')?['body/ItemId']"
              },
              "runAfter": {
                "ファイルの作成": [
                  "Succeeded"
                ]
              },
              "metadata": {
                "operationMetadataId": "db62b56a-94b6-4273-a81f-ebfb39929842"
              }
            },
            "作成_New": {
              "type": "Compose",
              "inputs": {
                "Log": "@body('JSON_の解析_Chatの履歴')"
              }
            }
          },
          "else": {
            "actions": {
              "ファイルの更新": {
                "type": "OpenApiConnection",
                "inputs": {
                  "parameters": {
                    "dataset": "@parameters('sp-site (dg_spsite)')",
                    "id": "@body('子フローの実行')?['identifier']",
                    "body": "@body('JSON_の解析_Chatの履歴')"
                  },
                  "host": {
                    "apiId": "/providers/Microsoft.PowerApps/apis/shared_sharepointonline",
                    "operationId": "UpdateFile",
                    "connectionName": "shared_sharepointonline"
                  }
                }
              }
            }
          },
          "runAfter": {
            "変数を初期化する_ItemId": [
              "Succeeded"
            ]
          },
          "metadata": {
            "operationMetadataId": "4c3f990b-5d78-4809-92e4-623c50e4b3f8"
          }
        },
        "変数を初期化する_ItemId": {
          "type": "InitializeVariable",
          "inputs": {
            "variables": [
              {
                "name": "ItemId",
                "type": "integer",
                "value": "@body('子フローの実行')?['id']"
              }
            ]
          },
          "runAfter": {
            "子フローの実行": [
              "Succeeded"
            ]
          },
          "metadata": {
            "operationMetadataId": "9172f4c0-a940-422d-8afc-bc8cb9b292c7"
          }
        },
        "ファイルのプロパティの更新": {
          "type": "OpenApiConnection",
          "inputs": {
            "parameters": {
              "dataset": "@parameters('sp-site (dg_spsite)')",
              "table": "@parameters('sp-chatlib (dg_spChatLib)')",
              "id": "@variables('ItemId')",
              "item/MessageID": "@body('JSON_の解析_メタデータ')?['MessageID']",
              "item/LastMessageText": "@body('JSON_の解析_メタデータ')?['LastMessageText']",
              "item/LastMessageTime": "@body('JSON_の解析_メタデータ')?['LastMessageTime']",
              "item/LastSender": "@body('JSON_の解析_メタデータ')?['LastSender']",
              "item/MessageCount": "@body('JSON_の解析_メタデータ')?['MessageCount']",
              "item/CreatedBy": "@body('JSON_の解析_メタデータ')?['CreateBy']",
              "item/CreatedTime": "@body('JSON_の解析_メタデータ')?['CreatedTime']",
              "item/UpdatedTime": "@body('JSON_の解析_メタデータ')?['UpdatedTime']",
              "item/Subject": "@body('JSON_の解析_メタデータ')?['Subject']",
              "item/Fill": "@body('JSON_の解析_メタデータ')?['Fill']",
              "item/FontColor": "@body('JSON_の解析_メタデータ')?['FontColor']"
            },
            "host": {
              "apiId": "/providers/Microsoft.PowerApps/apis/shared_sharepointonline",
              "operationId": "PatchFileItem",
              "connectionName": "shared_sharepointonline"
            }
          },
          "runAfter": {
            "条件_ファイルの存在により分岐": [
              "Succeeded"
            ]
          },
          "metadata": {
            "operationMetadataId": "c9c3c2a2-3a0b-40c2-bf8d-664272c8f972"
          }
        },
        "Power_App_またはフローに応答する": {
          "type": "Response",
          "kind": "PowerApp",
          "inputs": {
            "schema": {
              "type": "object",
              "properties": {
                "messageid": {
                  "title": "MessageID",
                  "type": "string",
                  "x-ms-content-hint": "TEXT",
                  "x-ms-dynamically-added": true
                }
              },
              "additionalProperties": {}
            },
            "statusCode": 200,
            "body": {
              "messageid": "@{body('JSON_の解析_メタデータ')?['MessageID']}"
            }
          },
          "runAfter": {
            "ファイルのプロパティの更新": [
              "Succeeded"
            ]
          },
          "metadata": {
            "operationMetadataId": "11d51764-cb1f-49f5-a401-d4084baca5b2"
          }
        },
        "子フローの実行": {
          "type": "Workflow",
          "inputs": {
            "host": {
              "workflowReferenceName": "0d77b9f5-01ba-ef11-a72f-00224866e484"
            },
            "body": {
              "text": "@body('JSON_の解析_メタデータ')?['MessageID']"
            }
          },
          "runAfter": {
            "JSON_の解析_メタデータ": [
              "Succeeded"
            ],
            "JSON_の解析_Chatの履歴": [
              "Succeeded"
            ]
          }
        }
      }
    },
    "templateName": null
  },
  "schemaVersion": "1.0.0.0"
}