<ImportExportXml xmlns:xsi="http://www.w3.org/2001/XMLSchema-instance" OrganizationVersion="9.2.24111.198" OrganizationSchemaType="Standard" CRMServerServiceabilityVersion="9.2.24113.00196">
  <Entities></Entities>
  <Roles></Roles>
  <Workflows>
    <Workflow WorkflowId="{0d77b9f5-01ba-ef11-a72f-00224866e484}" Name="child-flow">
      <JsonFileName>/Workflows/child-flow-0D77B9F5-01BA-EF11-A72F-00224866E484.json</JsonFileName>
      <Type>1</Type>
      <Subprocess>0</Subprocess>
      <Category>5</Category>
      <Mode>0</Mode>
      <Scope>4</Scope>
      <OnDemand>0</OnDemand>
      <TriggerOnCreate>0</TriggerOnCreate>
      <TriggerOnDelete>0</TriggerOnDelete>
      <AsyncAutodelete>0</AsyncAutodelete>
      <SyncWorkflowLogOnFailure>0</SyncWorkflowLogOnFailure>
      <StateCode>1</StateCode>
      <StatusCode>2</StatusCode>
      <RunAs>1</RunAs>
      <IsTransacted>1</IsTransacted>
      <IntroducedVersion>1.0.0.0</IntroducedVersion>
      <IsCustomizable>1</IsCustomizable>
      <BusinessProcessType>0</BusinessProcessType>
      <IsCustomProcessingStepAllowedForOtherPublishers>1</IsCustomProcessingStepAllowedForOtherPublishers>
      <PrimaryEntity>none</PrimaryEntity>
      <LocalizedNames>
        <LocalizedName languagecode="1041" description="child-flow" />
      </LocalizedNames>
    </Workflow>
    <Workflow WorkflowId="{3020a953-5cb5-ef11-a72f-00224866e484}" Name="post-json-chat">
      <JsonFileName>/Workflows/post-json-chat-3020A953-5CB5-EF11-A72F-00224866E484.json</JsonFileName>
      <Type>1</Type>
      <Subprocess>0</Subprocess>
      <Category>5</Category>
      <Mode>0</Mode>
      <Scope>4</Scope>
      <OnDemand>0</OnDemand>
      <TriggerOnCreate>0</TriggerOnCreate>
      <TriggerOnDelete>0</TriggerOnDelete>
      <AsyncAutodelete>0</AsyncAutodelete>
      <SyncWorkflowLogOnFailure>0</SyncWorkflowLogOnFailure>
      <StateCode>1</StateCode>
      <StatusCode>2</StatusCode>
      <RunAs>1</RunAs>
      <IsTransacted>1</IsTransacted>
      <IntroducedVersion>1.0.0.0</IntroducedVersion>
      <IsCustomizable>1</IsCustomizable>
      <BusinessProcessType>0</BusinessProcessType>
      <IsCustomProcessingStepAllowedForOtherPublishers>1</IsCustomProcessingStepAllowedForOtherPublishers>
      <PrimaryEntity>none</PrimaryEntity>
      <LocalizedNames>
        <LocalizedName languagecode="1041" description="post-json-chat" />
      </LocalizedNames>
    </Workflow>
    <Workflow WorkflowId="{1a2dd2e5-67b5-ef11-a72f-00224866e484}" Name="get-json-content">
      <JsonFileName>/Workflows/get-json-content-1A2DD2E5-67B5-EF11-A72F-00224866E484.json</JsonFileName>
      <Type>1</Type>
      <Subprocess>0</Subprocess>
      <Category>5</Category>
      <Mode>0</Mode>
      <Scope>4</Scope>
      <OnDemand>0</OnDemand>
      <TriggerOnCreate>0</TriggerOnCreate>
      <TriggerOnDelete>0</TriggerOnDelete>
      <AsyncAutodelete>0</AsyncAutodelete>
      <SyncWorkflowLogOnFailure>0</SyncWorkflowLogOnFailure>
      <StateCode>1</StateCode>
      <StatusCode>2</StatusCode>
      <RunAs>1</RunAs>
      <IsTransacted>1</IsTransacted>
      <IntroducedVersion>1.0.0.0</IntroducedVersion>
      <IsCustomizable>1</IsCustomizable>
      <BusinessProcessType>0</BusinessProcessType>
      <IsCustomProcessingStepAllowedForOtherPublishers>1</IsCustomProcessingStepAllowedForOtherPublishers>
      <PrimaryEntity>none</PrimaryEntity>
      <LocalizedNames>
        <LocalizedName languagecode="1041" description="get-json-content" />
      </LocalizedNames>
    </Workflow>
  </Workflows>
  <FieldSecurityProfiles></FieldSecurityProfiles>
  <Templates />
  <EntityMaps />
  <EntityRelationships />
  <OrganizationSettings />
  <optionsets />
  <CustomControls />
  <EntityDataProviders />
  <CanvasApps>
    <CanvasApp>
      <Name>dg_aichat_1ed9a</Name>
      <AppVersion>2024-12-14T13:32:26Z</AppVersion>
      <Status>Ready</Status>
      <CreatedByClientVersion>3.24121.10.0</CreatedByClientVersion>
      <MinClientVersion>3.24121.10.0</MinClientVersion>
      <Tags>{"primaryDeviceWidth":"1366","primaryDeviceHeight":"768","supportsPortrait":"true","supportsLandscape":"true","primaryFormFactor":"Tablet","showStatusBar":"false","publisherVersion":"3.24121.10","minimumRequiredApiVersion":"2.2.0","hasComponent":"false","hasUnlockedComponent":"false","isUnifiedRootApp":"false","sienaVersion":"20241208T134038Z-3.24112.13.0"}</Tags>
      <IsCdsUpgraded>0</IsCdsUpgraded>
      <GalleryItemId xsi:nil="true"></GalleryItemId>
      <BackgroundColor>RGBA(0,176,240,1)</BackgroundColor>
      <DisplayName>AI Chat</DisplayName>
      <Description xsi:nil="true"></Description>
      <CommitMessage xsi:nil="true"></CommitMessage>
      <Publisher xsi:nil="true"></Publisher>
      <AuthorizationReferences>[]</AuthorizationReferences>
      <ConnectionReferences>{"0044b87a-4b3a-4305-989c-9656d5710ac3":{"id":"/providers/microsoft.powerapps/apis/shared_office365users","displayName":"Office 365 ユーザー","iconUri":"https://connectoricons-prod.azureedge.net/releases/v1.0.1718/1.0.1718.3951/office365users/icon.png","dataSources":["Office365ユーザー"],"dependencies":[],"dependents":[],"parameterHints":{},"parameterHintsV2":{},"isOnPremiseConnection":false,"bypassConsent":false,"dataSets":{},"apiTier":"Standard","actions":["MyProfile_V2"]},"b39339c0-886d-4cb4-92c7-c45dc8d68b44":{"id":"/providers/microsoft.powerapps/apis/shared_sharepointonline","displayName":"SharePoint","iconUri":"https://connectoricons-prod.azureedge.net/releases/v1.0.1723/1.0.1723.3986/sharepointonline/icon.png","dataSources":["sp-chatlib"],"dependencies":[],"dependents":[],"parameterHints":{},"parameterHintsV2":{},"isOnPremiseConnection":false,"bypassConsent":false,"dataSets":{"https://dgatsupy.sharepoint.com/sites/power-platform-dev_dg_spsite":{"datasetOverride":{"name":"https://dgatsupy.sharepoint.com/sites/power-platform-dev","environmentVariableName":"dg_spsite"},"dataSources":{"sp-chatlib":{"tableName":"dcb691c5-9486-47fe-86ad-937e5fd3ae5e","tableNameOverride":{"name":"dcb691c5-9486-47fe-86ad-937e5fd3ae5e","environmentVariableName":"dg_spChatLib"}}}}},"apiTier":"Standard","actions":["providers/PowerPlatform.Governance/Operations/Read"]},"e47fb88e-2093-49ed-abb5-5fcc6a95785c":{"id":"/providers/microsoft.powerapps/apis/shared_logicflows","displayName":"ロジック フロー","iconUri":"https://connectoricons-prod.azureedge.net/releases/v1.0.1719/1.0.1719.3955/logicflows/icon.png","dataSources":["get-json-content"],"dependencies":["591ab7de-2bb1-4c6e-b877-880c0e43b7ed"],"dependents":[],"parameterHints":{"workflowName":{"value":"307b9b33-4fac-44f5-bb7d-e70f86ef7a88"},"workflowEntityId":{"value":"1a2dd2e5-67b5-ef11-a72f-00224866e484"},"workflowDisplayName":{"value":"get-json-content"},"591ab7de-2bb1-4c6e-b877-880c0e43b7ed":{"value":"shared_sharepointonline"}},"parameterHintsV2":{"workflowName":{"value":"307b9b33-4fac-44f5-bb7d-e70f86ef7a88"},"workflowEntityId":{"value":"1a2dd2e5-67b5-ef11-a72f-00224866e484"},"workflowDisplayName":{"value":"get-json-content"},"shared_sharepointonline":{"value":"591ab7de-2bb1-4c6e-b877-880c0e43b7ed"}},"isOnPremiseConnection":false,"bypassConsent":false,"dataSets":{},"apiTier":"Standard","actions":["Run"]},"591ab7de-2bb1-4c6e-b877-880c0e43b7ed":{"id":"/providers/microsoft.powerapps/apis/shared_sharepointonline","displayName":"SharePoint","iconUri":"https://connectoricons-prod.azureedge.net/releases/v1.0.1723/1.0.1723.3986/sharepointonline/icon.png","dataSources":[],"dependencies":[],"dependents":["e47fb88e-2093-49ed-abb5-5fcc6a95785c","2b79d7c6-4e6f-4608-ba5c-a1d511f34d70"],"parameterHints":{},"parameterHintsV2":{},"isOnPremiseConnection":false,"bypassConsent":false,"dataSets":{},"apiTier":"Standard"},"2b79d7c6-4e6f-4608-ba5c-a1d511f34d70":{"id":"/providers/microsoft.powerapps/apis/shared_logicflows","displayName":"ロジック フロー","iconUri":"https://connectoricons-prod.azureedge.net/releases/v1.0.1719/1.0.1719.3955/logicflows/icon.png","dataSources":["post-json-chat"],"dependencies":["591ab7de-2bb1-4c6e-b877-880c0e43b7ed"],"dependents":[],"parameterHints":{"workflowName":{"value":"a341f2ad-1fc2-4988-9b32-bbc6e0e07924"},"workflowEntityId":{"value":"3020a953-5cb5-ef11-a72f-00224866e484"},"workflowDisplayName":{"value":"post-json-chat"},"591ab7de-2bb1-4c6e-b877-880c0e43b7ed":{"value":"shared_sharepointonline"}},"parameterHintsV2":{"workflowName":{"value":"a341f2ad-1fc2-4988-9b32-bbc6e0e07924"},"workflowEntityId":{"value":"3020a953-5cb5-ef11-a72f-00224866e484"},"workflowDisplayName":{"value":"post-json-chat"},"shared_sharepointonline":{"value":"591ab7de-2bb1-4c6e-b877-880c0e43b7ed"}},"isOnPremiseConnection":false,"bypassConsent":false,"dataSets":{},"apiTier":"Standard","actions":["Run"]}}</ConnectionReferences>
      <DatabaseReferences>{"default.cds":{"databaseDetails":{"referenceType":"Environmental","environmentName":"default.cds","overrideValues":{"status":"NotSpecified","environmentVariableName":""}},"dataSources":{"43b0dc67-68af-47ae-9a9c-9e69d396ba3e":{"entitySetName":"msdyn_aimodels","logicalName":"msdyn_aimodel"}},"components":[{"componentName":"msdyn_AIModel","identifier":"572f57a7-7a8f-49fc-adb4-331e02c509a6","identifierType":"UniqueId"},{"componentName":"msdyn_AIModel","identifier":"8741f9f6-fe75-491f-94c8-94fd514c2c5b","identifierType":"UniqueId"}]}}</DatabaseReferences>
      <AppComponents>[]</AppComponents>
      <AppComponentDependencies>[]</AppComponentDependencies>
      <CanConsumeAppPass>0</CanConsumeAppPass>
      <CanvasAppType>0</CanvasAppType>
      <BypassConsent>0</BypassConsent>
      <AdminControlBypassConsent>0</AdminControlBypassConsent>
      <EmbeddedApp xsi:nil="true"></EmbeddedApp>
      <IntroducedVersion>1.0</IntroducedVersion>
      <CdsDependencies>{"cdsdependencies":[{"dependencyid":"1a2dd2e5-67b5-ef11-a72f-00224866e484","componenttype":29,"componenttypeplatformname":"Workflow"},{"dependencyid":"3020a953-5cb5-ef11-a72f-00224866e484","componenttype":29,"componenttypeplatformname":"Workflow"},{"logicalname":"msdyn_aimodel","componenttype":1},{"dependencyid":"572f57a7-7a8f-49fc-adb4-331e02c509a6","logicalname":"","componenttype":401,"componenttypeplatformname":"msdyn_AIModel"},{"dependencyid":"8741f9f6-fe75-491f-94c8-94fd514c2c5b","logicalname":"","componenttype":401,"componenttypeplatformname":"msdyn_AIModel"},{"logicalname":"dg_spsite","componenttype":380,"componenttypeplatformname":"EnvironmentVariableDefinition"},{"logicalname":"dg_spChatLib","componenttype":380,"componenttypeplatformname":"EnvironmentVariableDefinition"}]}</CdsDependencies>
      <IsCustomizable>1</IsCustomizable>
      <BackgroundImageUri>/CanvasApps/dg_aichat_1ed9a_BackgroundImageUri</BackgroundImageUri>
      <DocumentUri>/CanvasApps/dg_aichat_1ed9a_DocumentUri.msapp</DocumentUri>
      <AdditionalUris>
        <AdditionalUri>/CanvasApps/dg_aichat_1ed9a_AdditionalUris0_identity.json</AdditionalUri>
      </AdditionalUris>
    </CanvasApp>
  </CanvasApps>
  <connectionreferences>
    <connectionreference connectionreferencelogicalname="dg_sharedsharepointonline_a558c">
      <connectionreferencedisplayname>SharePoint JSONChat</connectionreferencedisplayname>
      <connectorid>/providers/Microsoft.PowerApps/apis/shared_sharepointonline</connectorid>
      <iscustomizable>1</iscustomizable>
      <promptingbehavior>0</promptingbehavior>
      <statecode>0</statecode>
      <statuscode>1</statuscode>
    </connectionreference>
  </connectionreferences>
  <Languages>
    <Language>1041</Language>
  </Languages>
</ImportExportXml>